{
  "GET Single Post" : {
    "transaction" : "GET Single Post",
    "sampleCount" : 27718,
    "errorCount" : 6440,
    "errorPct" : 23.234,
    "meanResTime" : 50.65340212136533,
    "medianResTime" : 36.0,
    "minResTime" : 0.0,
    "maxResTime" : 21200.0,
    "pct1ResTime" : 128.0,
    "pct2ResTime" : 153.0,
    "pct3ResTime" : 208.0,
    "throughput" : 138.01379241666046,
    "receivedKBytesPerSec" : 236.74185665471654,
    "sentKBytesPerSec" : 14.502732342470187
  },
  "Create Post" : {
    "transaction" : "Create Post",
    "sampleCount" : 27652,
    "errorCount" : 5985,
    "errorPct" : 21.644005,
    "meanResTime" : 310.11666425574964,
    "medianResTime" : 337.0,
    "minResTime" : 0.0,
    "maxResTime" : 7709.0,
    "pct1ResTime" : 437.0,
    "pct2ResTime" : 502.0,
    "pct3ResTime" : 676.0,
    "throughput" : 138.14810003896844,
    "receivedKBytesPerSec" : 217.53262669737512,
    "sentKBytesPerSec" : 30.23445052476244
  },
  "Total" : {
    "transaction" : "Total",
    "sampleCount" : 83212,
    "errorCount" : 19655,
    "errorPct" : 23.620392,
    "meanResTime" : 182.9773470172575,
    "medianResTime" : 32.0,
    "minResTime" : 0.0,
    "maxResTime" : 21377.0,
    "pct1ResTime" : 344.0,
    "pct2ResTime" : 433.0,
    "pct3ResTime" : 675.9900000000016,
    "throughput" : 395.74634034984257,
    "receivedKBytesPerSec" : 3328.060191837363,
    "sentKBytesPerSec" : 56.147820090088274
  },
  "GET All Posts" : {
    "transaction" : "GET All Posts",
    "sampleCount" : 27842,
    "errorCount" : 7230,
    "errorPct" : 25.967962,
    "meanResTime" : 188.44027009553943,
    "medianResTime" : 92.0,
    "minResTime" : 0.0,
    "maxResTime" : 21377.0,
    "pct1ResTime" : 282.90000000000146,
    "pct2ResTime" : 352.0,
    "pct3ResTime" : 1167.9800000000032,
    "throughput" : 132.41322895760607,
    "receivedKBytesPerSec" : 2894.8574086662848,
    "sentKBytesPerSec" : 13.513992766900023
  }
}