{
  "GET Single Post" : {
    "transaction" : "GET Single Post",
    "sampleCount" : 14094,
    "errorCount" : 0,
    "errorPct" : 0.0,
    "meanResTime" : 27.242230736483634,
    "medianResTime" : 19.0,
    "minResTime" : 5.0,
    "maxResTime" : 419.0,
    "pct1ResTime" : 60.0,
    "pct2ResTime" : 74.25,
    "pct3ResTime" : 109.04999999999927,
    "throughput" : 122.88028457588254,
    "receivedKBytesPerSec" : 181.2004366668265,
    "sentKBytesPerSec" : 16.80003890685894
  },
  "Create Post" : {
    "transaction" : "Create Post",
    "sampleCount" : 14089,
    "errorCount" : 0,
    "errorPct" : 0.0,
    "meanResTime" : 413.40520973809214,
    "medianResTime" : 358.0,
    "minResTime" : 323.0,
    "maxResTime" : 1493.0,
    "pct1ResTime" : 605.0,
    "pct2ResTime" : 693.5,
    "pct3ResTime" : 898.3000000000011,
    "throughput" : 122.05665771463224,
    "receivedKBytesPerSec" : 160.59569043467903,
    "sentKBytesPerSec" : 34.09016151563718
  },
  "Total" : {
    "transaction" : "Total",
    "sampleCount" : 42349,
    "errorCount" : 86,
    "errorPct" : 0.20307446,
    "meanResTime" : 208.41996269097274,
    "medianResTime" : 70.0,
    "minResTime" : 5.0,
    "maxResTime" : 21347.0,
    "pct1ResTime" : 441.0,
    "pct2ResTime" : 596.0,
    "pct3ResTime" : 905.0,
    "throughput" : 366.71515907240956,
    "receivedKBytesPerSec" : 3783.115558931803,
    "sentKBytesPerSec" : 67.29214293136593
  },
  "GET All Posts" : {
    "transaction" : "GET All Posts",
    "sampleCount" : 14166,
    "errorCount" : 86,
    "errorPct" : 0.6070874,
    "meanResTime" : 184.8058026260051,
    "medianResTime" : 67.0,
    "minResTime" : 23.0,
    "maxResTime" : 21347.0,
    "pct1ResTime" : 142.0,
    "pct2ResTime" : 177.0,
    "pct3ResTime" : 1051.0,
    "throughput" : 123.47142446243822,
    "receivedKBytesPerSec" : 3465.158012614834,
    "sentKBytesPerSec" : 16.63970368732078
  }
}