{
  "GET Single Post" : {
    "transaction" : "GET Single Post",
    "sampleCount" : 593,
    "errorCount" : 1,
    "errorPct" : 0.16863406,
    "meanResTime" : 1105.153456998313,
    "medianResTime" : 707.0,
    "minResTime" : 7.0,
    "maxResTime" : 53668.0,
    "pct1ResTime" : 809.8000000000001,
    "pct2ResTime" : 1267.499999999993,
    "pct3ResTime" : 21070.12,
    "throughput" : 5.031307800648216,
    "receivedKBytesPerSec" : 7.4646189770664,
    "sentKBytesPerSec" : 0.6867141232967369
  },
  "Create Post" : {
    "transaction" : "Create Post",
    "sampleCount" : 198,
    "errorCount" : 0,
    "errorPct" : 0.0,
    "meanResTime" : 1022.6818181818181,
    "medianResTime" : 801.0,
    "minResTime" : 248.0,
    "maxResTime" : 21324.0,
    "pct1ResTime" : 834.4,
    "pct2ResTime" : 1008.2999999999981,
    "pct3ResTime" : 21315.09,
    "throughput" : 1.7063375790689257,
    "receivedKBytesPerSec" : 2.2239229417302955,
    "sentKBytesPerSec" : 0.4749168241222703
  },
  "Total" : {
    "transaction" : "Total",
    "sampleCount" : 1977,
    "errorCount" : 7,
    "errorPct" : 0.35407183,
    "meanResTime" : 2737.5209914011107,
    "medianResTime" : 726.0,
    "minResTime" : 7.0,
    "maxResTime" : 786440.0,
    "pct1ResTime" : 927.4000000000001,
    "pct2ResTime" : 1399.2999999999997,
    "pct3ResTime" : 21083.44,
    "throughput" : 2.3426363368135172,
    "receivedKBytesPerSec" : 40.61220675943009,
    "sentKBytesPerSec" : 0.3496409449907041
  },
  "GET All Posts" : {
    "transaction" : "GET All Posts",
    "sampleCount" : 1186,
    "errorCount" : 6,
    "errorPct" : 0.5059022,
    "meanResTime" : 3839.993254637436,
    "medianResTime" : 734.0,
    "minResTime" : 9.0,
    "maxResTime" : 786440.0,
    "pct1ResTime" : 952.0,
    "pct2ResTime" : 1674.8999999999992,
    "pct3ResTime" : 21090.26,
    "throughput" : 1.4053448130808452,
    "receivedKBytesPerSec" : 39.26391172685298,
    "sentKBytesPerSec" : 0.18843403292488276
  }
}