{
  "GET Single Post" : {
    "transaction" : "GET Single Post",
    "sampleCount" : 8000,
    "errorCount" : 0,
    "errorPct" : 0.0,
    "meanResTime" : 11.025499999999951,
    "medianResTime" : 9.0,
    "minResTime" : 5.0,
    "maxResTime" : 316.0,
    "pct1ResTime" : 18.0,
    "pct2ResTime" : 23.0,
    "pct3ResTime" : 43.98999999999978,
    "throughput" : 126.66645555590742,
    "receivedKBytesPerSec" : 186.9072405712657,
    "sentKBytesPerSec" : 17.317679470534216
  },
  "Create Post" : {
    "transaction" : "Create Post",
    "sampleCount" : 8000,
    "errorCount" : 0,
    "errorPct" : 0.0,
    "meanResTime" : 337.4127499999996,
    "medianResTime" : 329.0,
    "minResTime" : 320.0,
    "maxResTime" : 961.0,
    "pct1ResTime" : 344.0,
    "pct2ResTime" : 367.0,
    "pct3ResTime" : 560.9799999999996,
    "throughput" : 126.04578613181239,
    "receivedKBytesPerSec" : 165.67550755585404,
    "sentKBytesPerSec" : 35.20428649222455
  },
  "Total" : {
    "transaction" : "Total",
    "sampleCount" : 24000,
    "errorCount" : 2,
    "errorPct" : 0.008333334,
    "meanResTime" : 125.02004166666683,
    "medianResTime" : 26.0,
    "minResTime" : 5.0,
    "maxResTime" : 1047.0,
    "pct1ResTime" : 334.0,
    "pct2ResTime" : 339.0,
    "pct3ResTime" : 420.0,
    "throughput" : 377.73265971009016,
    "receivedKBytesPerSec" : 3884.7877424030485,
    "sentKBytesPerSec" : 69.34944771353699
  },
  "GET All Posts" : {
    "transaction" : "GET All Posts",
    "sampleCount" : 8000,
    "errorCount" : 2,
    "errorPct" : 0.025,
    "meanResTime" : 26.621874999999985,
    "medianResTime" : 20.0,
    "minResTime" : 8.0,
    "maxResTime" : 1047.0,
    "pct1ResTime" : 46.0,
    "pct2ResTime" : 56.0,
    "pct3ResTime" : 105.97999999999956,
    "throughput" : 126.57627011376043,
    "receivedKBytesPerSec" : 3552.170189706185,
    "sentKBytesPerSec" : 17.058130152049742
  }
}