{
  "GET Single Post" : {
    "transaction" : "GET Single Post",
    "sampleCount" : 300,
    "errorCount" : 0,
    "errorPct" : 0.0,
    "meanResTime" : 695.6166666666666,
    "medianResTime" : 710.0,
    "minResTime" : 227.0,
    "maxResTime" : 1718.0,
    "pct1ResTime" : 747.9000000000001,
    "pct2ResTime" : 866.9999999999995,
    "pct3ResTime" : 1648.4700000000005,
    "throughput" : 4.146452709706845,
    "receivedKBytesPerSec" : 6.146805698089867,
    "sentKBytesPerSec" : 0.5668978314052329
  },
  "Create Post" : {
    "transaction" : "Create Post",
    "sampleCount" : 100,
    "errorCount" : 0,
    "errorPct" : 0.0,
    "meanResTime" : 794.08,
    "medianResTime" : 806.5,
    "minResTime" : 324.0,
    "maxResTime" : 1553.0,
    "pct1ResTime" : 835.8,
    "pct2ResTime" : 989.1999999999985,
    "pct3ResTime" : 1550.829999999999,
    "throughput" : 1.4157888775625778,
    "receivedKBytesPerSec" : 1.8444936209862384,
    "sentKBytesPerSec" : 0.39407045496375576
  },
  "Total" : {
    "transaction" : "Total",
    "sampleCount" : 1000,
    "errorCount" : 0,
    "errorPct" : 0.0,
    "meanResTime" : 723.6880000000003,
    "medianResTime" : 732.0,
    "minResTime" : 227.0,
    "maxResTime" : 1924.0,
    "pct1ResTime" : 812.0,
    "pct2ResTime" : 957.0,
    "pct3ResTime" : 1586.8200000000002,
    "throughput" : 13.489997167100595,
    "receivedKBytesPerSec" : 234.93420253881746,
    "sentKBytesPerSec" : 2.019573775108257
  },
  "GET All Posts" : {
    "transaction" : "GET All Posts",
    "sampleCount" : 600,
    "errorCount" : 0,
    "errorPct" : 0.0,
    "meanResTime" : 725.9916666666667,
    "medianResTime" : 736.0,
    "minResTime" : 257.0,
    "maxResTime" : 1924.0,
    "pct1ResTime" : 784.0,
    "pct2ResTime" : 958.8999999999999,
    "pct3ResTime" : 1586.8200000000002,
    "throughput" : 8.21827744904668,
    "receivedKBytesPerSec" : 230.66553922172915,
    "sentKBytesPerSec" : 1.1075412968441816
  }
}