{
  "GET Single Post" : {
    "transaction" : "GET Single Post",
    "sampleCount" : 1000,
    "errorCount" : 1,
    "errorPct" : 0.1,
    "meanResTime" : 22.567,
    "medianResTime" : 8.0,
    "minResTime" : 6.0,
    "maxResTime" : 1077.0,
    "pct1ResTime" : 57.89999999999998,
    "pct2ResTime" : 82.89999999999986,
    "pct3ResTime" : 248.92000000000007,
    "throughput" : 15.848614038702316,
    "receivedKBytesPerSec" : 23.386007481536364,
    "sentKBytesPerSec" : 2.166802700603832
  },
  "Create Post" : {
    "transaction" : "Create Post",
    "sampleCount" : 1000,
    "errorCount" : 0,
    "errorPct" : 0.0,
    "meanResTime" : 355.86499999999995,
    "medianResTime" : 335.0,
    "minResTime" : 331.0,
    "maxResTime" : 1369.0,
    "pct1ResTime" : 397.0,
    "pct2ResTime" : 460.0,
    "pct3ResTime" : 648.98,
    "throughput" : 15.76739932515531,
    "receivedKBytesPerSec" : 20.561397021144085,
    "sentKBytesPerSec" : 4.4037853583929865
  },
  "Total" : {
    "transaction" : "Total",
    "sampleCount" : 3000,
    "errorCount" : 4,
    "errorPct" : 0.13333334,
    "meanResTime" : 141.4339999999997,
    "medianResTime" : 32.0,
    "minResTime" : 6.0,
    "maxResTime" : 1383.0,
    "pct1ResTime" : 338.0,
    "pct2ResTime" : 381.7999999999993,
    "pct3ResTime" : 544.9899999999998,
    "throughput" : 47.26195727519062,
    "receivedKBytesPerSec" : 485.90189045367543,
    "sentKBytesPerSec" : 8.676999968492028
  },
  "GET All Posts" : {
    "transaction" : "GET All Posts",
    "sampleCount" : 1000,
    "errorCount" : 3,
    "errorPct" : 0.3,
    "meanResTime" : 45.87,
    "medianResTime" : 23.5,
    "minResTime" : 8.0,
    "maxResTime" : 1383.0,
    "pct1ResTime" : 92.79999999999995,
    "pct2ResTime" : 217.89999999999986,
    "pct3ResTime" : 393.7500000000002,
    "throughput" : 15.839074998020116,
    "receivedKBytesPerSec" : 444.49950997861725,
    "sentKBytesPerSec" : 2.134562841530055
  }
}