{
  "GET Single Post" : {
    "transaction" : "GET Single Post",
    "sampleCount" : 4181,
    "errorCount" : 6,
    "errorPct" : 0.14350633,
    "meanResTime" : 299.06122937096376,
    "medianResTime" : 35.0,
    "minResTime" : 6.0,
    "maxResTime" : 402143.0,
    "pct1ResTime" : 477.0,
    "pct2ResTime" : 493.0,
    "pct3ResTime" : 1062.0800000000017,
    "throughput" : 9.528020035960813,
    "receivedKBytesPerSec" : 14.084255344271224,
    "sentKBytesPerSec" : 1.3007895910767961
  },
  "Create Post" : {
    "transaction" : "Create Post",
    "sampleCount" : 1362,
    "errorCount" : 1,
    "errorPct" : 0.07342144,
    "meanResTime" : 410.483113069016,
    "medianResTime" : 279.0,
    "minResTime" : 246.0,
    "maxResTime" : 23523.0,
    "pct1ResTime" : 572.0,
    "pct2ResTime" : 594.0,
    "pct3ResTime" : 1314.349999999994,
    "throughput" : 12.76595744680851,
    "receivedKBytesPerSec" : 16.66624866728372,
    "sentKBytesPerSec" : 3.5512495313525165
  },
  "Total" : {
    "transaction" : "Total",
    "sampleCount" : 13951,
    "errorCount" : 15,
    "errorPct" : 0.10751917,
    "meanResTime" : 428.1209232313104,
    "medianResTime" : 42.0,
    "minResTime" : 6.0,
    "maxResTime" : 402450.0,
    "pct1ResTime" : 497.0,
    "pct2ResTime" : 523.0,
    "pct3ResTime" : 1096.4799999999996,
    "throughput" : 31.774989978499327,
    "receivedKBytesPerSec" : 555.1589482605864,
    "sentKBytesPerSec" : 4.741342434108633
  },
  "GET All Posts" : {
    "transaction" : "GET All Posts",
    "sampleCount" : 8408,
    "errorCount" : 8,
    "errorPct" : 0.095147476,
    "meanResTime" : 495.15485252140803,
    "medianResTime" : 42.0,
    "minResTime" : 24.0,
    "maxResTime" : 402450.0,
    "pct1ResTime" : 502.0,
    "pct2ResTime" : 520.0,
    "pct3ResTime" : 1095.8199999999997,
    "throughput" : 19.150176742830073,
    "receivedKBytesPerSec" : 537.0326768004821,
    "sentKBytesPerSec" : 2.5783299852410626
  }
}