{
  "GET Single Post" : {
    "transaction" : "GET Single Post",
    "sampleCount" : 75,
    "errorCount" : 0,
    "errorPct" : 0.0,
    "meanResTime" : 697.9200000000001,
    "medianResTime" : 714.0,
    "minResTime" : 230.0,
    "maxResTime" : 1639.0,
    "pct1ResTime" : 770.6,
    "pct2ResTime" : 814.4000000000001,
    "pct3ResTime" : 1639.0,
    "throughput" : 2.199026564240896,
    "receivedKBytesPerSec" : 3.2599137156951854,
    "sentKBytesPerSec" : 0.30064816307981
  },
  "Create Post" : {
    "transaction" : "Create Post",
    "sampleCount" : 25,
    "errorCount" : 0,
    "errorPct" : 0.0,
    "meanResTime" : 787.0,
    "medianResTime" : 808.0,
    "minResTime" : 331.0,
    "maxResTime" : 924.0,
    "pct1ResTime" : 880.2,
    "pct2ResTime" : 917.6999999999999,
    "pct3ResTime" : 924.0,
    "throughput" : 0.7749054615336929,
    "receivedKBytesPerSec" : 1.0097078703273201,
    "sentKBytesPerSec" : 0.21567193021201414
  },
  "Total" : {
    "transaction" : "Total",
    "sampleCount" : 250,
    "errorCount" : 0,
    "errorPct" : 0.0,
    "meanResTime" : 754.8480000000008,
    "medianResTime" : 740.0,
    "minResTime" : 230.0,
    "maxResTime" : 2198.0,
    "pct1ResTime" : 860.1,
    "pct2ResTime" : 951.0,
    "pct3ResTime" : 1775.510000000001,
    "throughput" : 7.020499859590003,
    "receivedKBytesPerSec" : 122.26524106641394,
    "sentKBytesPerSec" : 1.0510181918702612
  },
  "GET All Posts" : {
    "transaction" : "GET All Posts",
    "sampleCount" : 150,
    "errorCount" : 0,
    "errorPct" : 0.0,
    "meanResTime" : 777.9533333333333,
    "medianResTime" : 745.5,
    "minResTime" : 257.0,
    "maxResTime" : 2198.0,
    "pct1ResTime" : 906.9000000000001,
    "pct2ResTime" : 1173.5499999999993,
    "pct3ResTime" : 2008.2800000000034,
    "throughput" : 4.237288135593221,
    "receivedKBytesPerSec" : 118.92958818855932,
    "sentKBytesPerSec" : 0.5710407838983051
  }
}