{
  "GET Single Post" : {
    "transaction" : "GET Single Post",
    "sampleCount" : 250,
    "errorCount" : 0,
    "errorPct" : 0.0,
    "meanResTime" : 8.035999999999998,
    "medianResTime" : 8.0,
    "minResTime" : 6.0,
    "maxResTime" : 30.0,
    "pct1ResTime" : 9.0,
    "pct2ResTime" : 10.0,
    "pct3ResTime" : 15.490000000000009,
    "throughput" : 8.11108948153916,
    "receivedKBytesPerSec" : 11.96860957676335,
    "sentKBytesPerSec" : 1.108938015054182
  },
  "Create Post" : {
    "transaction" : "Create Post",
    "sampleCount" : 250,
    "errorCount" : 0,
    "errorPct" : 0.0,
    "meanResTime" : 333.4719999999998,
    "medianResTime" : 331.0,
    "minResTime" : 329.0,
    "maxResTime" : 474.0,
    "pct1ResTime" : 334.0,
    "pct2ResTime" : 339.45,
    "pct3ResTime" : 407.21000000000026,
    "throughput" : 8.027228358592346,
    "receivedKBytesPerSec" : 10.458600573144105,
    "sentKBytesPerSec" : 2.2419797954662215
  },
  "Total" : {
    "transaction" : "Total",
    "sampleCount" : 750,
    "errorCount" : 0,
    "errorPct" : 0.0,
    "meanResTime" : 121.09866666666667,
    "medianResTime" : 12.0,
    "minResTime" : 6.0,
    "maxResTime" : 474.0,
    "pct1ResTime" : 332.0,
    "pct2ResTime" : 333.0,
    "pct3ResTime" : 360.8000000000002,
    "throughput" : 24.033839646221878,
    "receivedKBytesPerSec" : 247.08354988824266,
    "sentKBytesPerSec" : 4.412462747548548
  },
  "GET All Posts" : {
    "transaction" : "GET All Posts",
    "sampleCount" : 250,
    "errorCount" : 0,
    "errorPct" : 0.0,
    "meanResTime" : 21.788000000000004,
    "medianResTime" : 12.0,
    "minResTime" : 8.0,
    "maxResTime" : 144.0,
    "pct1ResTime" : 42.0,
    "pct2ResTime" : 47.0,
    "pct3ResTime" : 58.98000000000002,
    "throughput" : 8.099002202928599,
    "receivedKBytesPerSec" : 227.28619013825,
    "sentKBytesPerSec" : 1.0914670937540496
  }
}